{ 
    "id":2023,                    
    "name": "Desiree Love", 
    "age": 53, 
    "gender": "Female", 
    "personalitytype": "INTJ", 
    "personality": [
        "Analytical", 
        "Logical", 
        "Independent", 
        "Inventive" ], 
    "appearance": [
        "Short", 
        "Blond Hair" ], 
    "background": "John grew up in a small town, but always dreamed of making a name for himself in the big city. He moved to the city to pursue his dreams and has been working hard ever since.", 
    "habits": [
        "Early riser", 
        "Likes to cook"
        ], 
    "skills": [
        "Dancing", 
        "Partying"
        ], 
    "goals": [
        "Become a successful ballet dance instructor", 
        "Own a successful dance studio"
        ], 
    "fears": [
        "Failure", 
        "Rejection"
        ], 
    "quirks": [
        "Hums while she dances", 
        "Picks nose when no one is looking for her"
        ], 
    "relationships": [
        "Friends with her college roommate", 
        "Close relationship with father"
        ], 
    "overallarc": "Des is a determined individual who is striving to make a name for herself" 
}